INSERT INTO maestros.actividad (descripcion) VALUES ('PREPARACION PARA EL EMBARAZO Y ATENCION  PRECONCEPCIONAL');
INSERT INTO maestros.actividad (descripcion) VALUES ('ANTICONCEPCION PRE Y POS EVENTO OBTETRICO');
INSERT INTO maestros.actividad (descripcion) VALUES ('IVE');
INSERT INTO maestros.actividad (descripcion) VALUES ('INGRESO CONTROL PRENATAL Y/O ATENCION INTEGRAL DE LA ADOLESCENTE GESTANTE');
INSERT INTO maestros.actividad (descripcion) VALUES ('VALORACION POR SALUD ORAL');

INSERT INTO maestros.ria (codigo, descripcion) VALUES ('RMP', 'Atención materno perinatal');
INSERT INTO maestros.ria (codigo, descripcion) VALUES ('RPMS', 'Fomento salud');
INSERT INTO maestros.ria (codigo, descripcion) VALUES ('RPS', 'Recuperación de salud');

INSERT INTO contratacion.grupo_medicamento (descripcion) VALUES ('SISTEMA DIGESTIVO Y METABOLISMO');
INSERT INTO contratacion.grupo_medicamento (descripcion) VALUES ('SANGRE Y ORGANOS HEMATOPOYETICOS');
INSERT INTO contratacion.grupo_medicamento (descripcion) VALUES ('SISTEMA CARDIOVASCULAR');
INSERT INTO contratacion.grupo_medicamento (descripcion) VALUES ('MEDICAMENTOS DERMATOLOGICOS');
INSERT INTO contratacion.grupo_medicamento (descripcion) VALUES ('APARATO GENITOURINARIO Y HORMONAS SEXUALES');
INSERT INTO contratacion.grupo_medicamento (descripcion) VALUES ('PREPARADOS HORMONALES SISTEMICOS, EXCL. HORMONAS SEXUALES');
INSERT INTO contratacion.grupo_medicamento (descripcion) VALUES ('ANTIINFECCIOSOS EN GENERAL PARA USO SISTEMICO');
INSERT INTO contratacion.grupo_medicamento (descripcion) VALUES ('AGENTES ANTINEOPLASICOS E IMUNOMODULADORES');
INSERT INTO contratacion.grupo_medicamento (descripcion) VALUES ('SISTEMA MUSCULOESQUELETICO');
INSERT INTO contratacion.grupo_medicamento (descripcion) VALUES ('SISTEMA NERVIOSO');
INSERT INTO contratacion.grupo_medicamento (descripcion) VALUES ('PRODUCTOS ANTIPARASITARIOS, INSECTICIDAS Y REPELENTES');
INSERT INTO contratacion.grupo_medicamento (descripcion) VALUES ('SISTEMA RESPIRATORIO');
INSERT INTO contratacion.grupo_medicamento (descripcion) VALUES ('ORGANOS DE LOS SENTIDOS');
INSERT INTO contratacion.grupo_medicamento (descripcion) VALUES ('VARIOS');

INSERT INTO contratacion.categoria_medicamento (codigo, nombre, grupo_medicamento_id) VALUES ('A13', 'TONICOS', 1);
INSERT INTO contratacion.categoria_medicamento (codigo, nombre, grupo_medicamento_id) VALUES ('A15', 'ESTIMULANTES DEL APETITO', 1);
INSERT INTO contratacion.categoria_medicamento (codigo, nombre, grupo_medicamento_id) VALUES ('D09', 'APOSITOS CON MEDICAMENTOS', 4);
INSERT INTO contratacion.categoria_medicamento (codigo, nombre, grupo_medicamento_id) VALUES ('H04', 'HORMONAS PANCREATICAS', 6);
INSERT INTO contratacion.categoria_medicamento (codigo, nombre, grupo_medicamento_id) VALUES ('V20', 'VENDAJES QUIRURGICOS', 14);

INSERT INTO maestros.medicamento (atc, cantidad, concentracion, codigo, descripcion, descripcion_atc, descripcion_invima, es_comercial, estado_cum, estado_medicamento_id, estado_registro, expediente, fecha_activo, fecha_expedicion, fecha_vencimiento, forma_farmaceutica, es_muestra_medica, principio_activo, registro_sanitario, regulado, tipo_ppm_id, titular_registro, unidad, unidad_medida, unidad_referencia, valor_referente, valor_referente_minimo, via_administracion, categoria_id) VALUES ('C10AA05', null, '10 mg', '19904879-01', 'MUESTRA MÉDICA CAJA POR 2 TABLETAS.', 'ATORVASTATIN', 'ATORLIP 10 MG', 1, 1, 2, 'Inactivo', '19904879', '2006-10-11', '1999-01-01', '2020-02-18', 'TABLETA CUBIERTA CON PELICULA', 1, 'ATORVASTATINA', 'INVIMA 2009 M-14044 R1', 0, 1, 'LABORATORIO FRANCO COLOMBIANO LAFRANCOL S.A.', null, null, null, 0, 0.00, 'ORAL', 1);
INSERT INTO maestros.medicamento (atc, cantidad, concentracion, codigo, descripcion, descripcion_atc, descripcion_invima, es_comercial, estado_cum, estado_medicamento_id, estado_registro, expediente, fecha_activo, fecha_expedicion, fecha_vencimiento, forma_farmaceutica, es_muestra_medica, principio_activo, registro_sanitario, regulado, tipo_ppm_id, titular_registro, unidad, unidad_medida, unidad_referencia, valor_referente, valor_referente_minimo, via_administracion, categoria_id) VALUES ('L04AA10', null, '1 mg', '19914809-40', 'MUESTRA MEDICA FRASCO POR 80 GRAGEAS.', 'SIROLIMUS', 'RAPAMUNE 1.0 MG GRAGEAS', 1, 1, 2, 'Inactivo', '19914809', '2012-09-14', '2001-06-28', '2016-06-15', 'TABLETA CUBIERTA (GRAGEA)', 1, 'SIROLIMUS', 'INVIMA 2011M-0000328-R1', 0, 2, 'PFIZER S.A.S.', null, null, null, 0, 0.00, 'ORAL', 2);
INSERT INTO maestros.medicamento (atc, cantidad, concentracion, codigo, descripcion, descripcion_atc, descripcion_invima, es_comercial, estado_cum, estado_medicamento_id, estado_registro, expediente, fecha_activo, fecha_expedicion, fecha_vencimiento, forma_farmaceutica, es_muestra_medica, principio_activo, registro_sanitario, regulado, tipo_ppm_id, titular_registro, unidad, unidad_medida, unidad_referencia, valor_referente, valor_referente_minimo, via_administracion, categoria_id) VALUES ('N05CF02', null, '10 mg', '19931034-01', 'CAJA POR 2 COMPRMIDOS (MUESTRA MEDICA)', 'ZOLPIDEM', 'SUCEDAL COMPRIMIDOS RECUBIERTOS', 1, 1, 2, 'Inactivo', '19931034', '2006-10-11', '2002-12-03', '2018-06-20', 'TABLETA RECUBIERTA', 1, 'ZOLPIDEM', 'INVIMA 2013M-0002102-R1', 0, 2, 'SCANDINAVIA PHARMA LTDA.', null, null, null, 0, 0.00, 'ORAL', 3);
INSERT INTO maestros.medicamento (atc, cantidad, concentracion, codigo, descripcion, descripcion_atc, descripcion_invima, es_comercial, estado_cum, estado_medicamento_id, estado_registro, expediente, fecha_activo, fecha_expedicion, fecha_vencimiento, forma_farmaceutica, es_muestra_medica, principio_activo, registro_sanitario, regulado, tipo_ppm_id, titular_registro, unidad, unidad_medida, unidad_referencia, valor_referente, valor_referente_minimo, via_administracion, categoria_id) VALUES ('A03FA01', null, '10 mg', '19932174-06', 'M.M. CAJA X 30 TABLETAS EN BLISTER DE PVC/ALUMINIO', 'METOCLOPRAMIDA', 'PLASIL® 10 MG.', 1, 1, 2, 'Activo', '19932174', '2014-06-25', '2002-10-18', '2018-06-21', 'TABLETA', 1, 'METOCLOPRAMIDA', 'INVIMA 2013M-0001972-R1', 0, 1, 'SANOFI AVENTIS DE COLOMBIA S.A.', null, null, null, 0, 0.00, 'ORAL', 4);
INSERT INTO maestros.medicamento (atc, cantidad, concentracion, codigo, descripcion, descripcion_atc, descripcion_invima, es_comercial, estado_cum, estado_medicamento_id, estado_registro, expediente, fecha_activo, fecha_expedicion, fecha_vencimiento, forma_farmaceutica, es_muestra_medica, principio_activo, registro_sanitario, regulado, tipo_ppm_id, titular_registro, unidad, unidad_medida, unidad_referencia, valor_referente, valor_referente_minimo, via_administracion, categoria_id) VALUES ('P01BA02', null, '200 mg', '19936820-03', 'MUESTRA MÉDICA: CAJA POR 30 COMPRIMIDOS EN BLISTER ALUMINIO/ALUMINIO', 'HIDROXICLOROQUINA', 'DOLQUINE® 200 MG COMPRIMIDOS', 1, 1, 2, 'Activo', '19936820', '2013-12-23', '2003-08-19', '2019-03-10', 'TABLETA RECUBIERTA', 1, 'HIDROXICLOROQUINA', 'INVIMA 2014M-0002684-R1', 0, 2, 'LABORATORIOS RUBIO S.A.', null, null, null, 0, 0.00, 'ORAL', 5);

INSERT INTO contratacion.clase_prestador (codigo, descripcion) VALUES ('1', 'INSTITUCIONES - IPS');
INSERT INTO contratacion.clase_prestador (codigo, descripcion) VALUES ('2', 'PROFESIONAL INDEPENDIENTE');
INSERT INTO contratacion.clase_prestador (codigo, descripcion) VALUES ('3', 'TRANSPORTE ESPECIAL DE PACIENTES');
INSERT INTO contratacion.clase_prestador (codigo, descripcion) VALUES ('4', 'OBJETO SOCIAL DIFERENTE A LA PRESTACION DE SERVICIOS DE SALUD');

INSERT INTO contratacion.clasificacion_prestador (descripcion, codigo, clase_prestador_id) VALUES ('REPS - IPS PRESTADOR DE SERVICIOS DE SALUD', null, 1);
INSERT INTO contratacion.clasificacion_prestador (descripcion, codigo, clase_prestador_id) VALUES ('REPS - PROFESIONAL INDEPENDIENTE', null, 2);
INSERT INTO contratacion.clasificacion_prestador (descripcion, codigo, clase_prestador_id) VALUES ('REPS - TRASLADO DE PACIENTES', null, 3);
INSERT INTO contratacion.clasificacion_prestador (descripcion, codigo, clase_prestador_id) VALUES ('NO REPS - SERVICIO FARMACEUTICO', null, 4);
INSERT INTO contratacion.clasificacion_prestador (descripcion, codigo, clase_prestador_id) VALUES ('NO REPS - PROVEEDOR INSUMOS - MATERIALES - DISPOSITIVOS Y SUMINISTROS BIOMEDICOS', null, 4);
INSERT INTO contratacion.clasificacion_prestador (descripcion, codigo, clase_prestador_id) VALUES ('NO REPS - ALBERGUE', null, 4);
INSERT INTO contratacion.clasificacion_prestador (descripcion, codigo, clase_prestador_id) VALUES ('NO REPS - TRANSPORTE COMERCIAL', null, 4);
INSERT INTO contratacion.clasificacion_prestador (descripcion, codigo, clase_prestador_id) VALUES ('NO REPS - VARIOS', null, 4);
INSERT INTO contratacion.clasificacion_prestador (descripcion, codigo, clase_prestador_id) VALUES ('NO REPS - REEMBOLSO', null, 4);
INSERT INTO contratacion.clasificacion_prestador (descripcion, codigo, clase_prestador_id) VALUES ('NO REPS - SECRETARIA DEPARTAMENTAL DE SALUD', null, 4);
INSERT INTO contratacion.clasificacion_prestador (descripcion, codigo, clase_prestador_id) VALUES ('NO REPS - EMPRESA PROMOTORA DE SALUD', null, 4);
INSERT INTO contratacion.clasificacion_prestador (descripcion, codigo, clase_prestador_id) VALUES ('NO REPS - CENTRO REGULADOR DE URGENCIAS', null, 4);
INSERT INTO contratacion.clasificacion_prestador (descripcion, codigo, clase_prestador_id) VALUES ('NO REPS - EMPRESA EJECUTORA PROYECTO EN SALUD', null, 4);
INSERT INTO contratacion.clasificacion_prestador (descripcion, codigo, clase_prestador_id) VALUES ('REPS - OBJETO SOCIAL DIFERENTE', null, 4);

INSERT INTO maestros.tipo_identificacion (descripcion, aplica_afiliado, aplica_ips, aplica_profesional, aplica_usuario, codigo, es_alfanumerico, max_length, min_length) VALUES ('NUMERO IDENTIFICACION TRIBUTARIA', 0, 1, 0, null, 'NI', 1, 10, 0);
INSERT INTO maestros.tipo_identificacion (descripcion, aplica_afiliado, aplica_ips, aplica_profesional, aplica_usuario, codigo, es_alfanumerico, max_length, min_length) VALUES ('ADULTO SIN IDENTIFICACION', 1, 0, 0, null, 'AS', 1, 0, 0);
INSERT INTO maestros.tipo_identificacion (descripcion, aplica_afiliado, aplica_ips, aplica_profesional, aplica_usuario, codigo, es_alfanumerico, max_length, min_length) VALUES ('CEDULA DE CIUDADANIA', 1, 1, 1, null, 'CC', 1, 11, 0);
INSERT INTO maestros.tipo_identificacion (descripcion, aplica_afiliado, aplica_ips, aplica_profesional, aplica_usuario, codigo, es_alfanumerico, max_length, min_length) VALUES ('CEDULA DE EXTRANJERIA', 1, 1, 1, null, 'CE', 1, 8, 0);
INSERT INTO maestros.tipo_identificacion (descripcion, aplica_afiliado, aplica_ips, aplica_profesional, aplica_usuario, codigo, es_alfanumerico, max_length, min_length) VALUES ('MENOR SIN IDENTIFICACION', 1, 0, 0, null, 'MS', 1, 0, 0);
INSERT INTO maestros.tipo_identificacion (descripcion, aplica_afiliado, aplica_ips, aplica_profesional, aplica_usuario, codigo, es_alfanumerico, max_length, min_length) VALUES ('NUMERO UNICO DE IDENTIFICACION', 1, 0, 0, null, 'NU', 1, 10, 0);
INSERT INTO maestros.tipo_identificacion (descripcion, aplica_afiliado, aplica_ips, aplica_profesional, aplica_usuario, codigo, es_alfanumerico, max_length, min_length) VALUES ('REGISTRO CIVIL', 1, 0, 0, null, 'RC', 1, 11, 0);
INSERT INTO maestros.tipo_identificacion (descripcion, aplica_afiliado, aplica_ips, aplica_profesional, aplica_usuario, codigo, es_alfanumerico, max_length, min_length) VALUES ('TARJETA DE IDENTIDAD', 1, 0, 0, null, 'TI', 1, 11, 0);
INSERT INTO maestros.tipo_identificacion (descripcion, aplica_afiliado, aplica_ips, aplica_profesional, aplica_usuario, codigo, es_alfanumerico, max_length, min_length) VALUES ('CERTIFICADO NACIDO VIVO', 1, 0, 0, null, 'CN', 1, 12, 0);
INSERT INTO maestros.tipo_identificacion (descripcion, aplica_afiliado, aplica_ips, aplica_profesional, aplica_usuario, codigo, es_alfanumerico, max_length, min_length) VALUES ('SALVOCONDUCTO', 1, 0, 0, null, 'SC', 1, 12, 0);
INSERT INTO maestros.tipo_identificacion (descripcion, aplica_afiliado, aplica_ips, aplica_profesional, aplica_usuario, codigo, es_alfanumerico, max_length, min_length) VALUES ('CARNET DIPLOMATICO', 1, 0, 1, null, 'CD', 1, 12, 0);
INSERT INTO maestros.tipo_identificacion (descripcion, aplica_afiliado, aplica_ips, aplica_profesional, aplica_usuario, codigo, es_alfanumerico, max_length, min_length) VALUES ('PERMISO ESPECIAL DE PERMANENCIA', 1, 0, 0, null, 'PE', 1, 15, 0);
INSERT INTO maestros.tipo_identificacion (descripcion, aplica_afiliado, aplica_ips, aplica_profesional, aplica_usuario, codigo, es_alfanumerico, max_length, min_length) VALUES ('PASAPORTE', 1, 0, 1, null, 'PA', 1, 16, 0);

INSERT INTO contratacion.prestador (caracter_territorial, contacto_administrativo_celular, contacto_negociacion_celular, contacto_administrativo_correo, contacto_negociacion_correo, correo_electronico, creacion_procedimiento, digito_verificacion, empresa_social_estado, es_acreditado, estado, estado_portafolio, fecha_cambio_estado, fecha_inicio_vigencia, fecha_reabrir_portafolio, meses_vigencia, naturaleza_juridica, nivel_atencion, nombre, contacto_administrativo_nombre, contacto_negociacion_nombre, numero_documento, numero_documento_representante, prefijo, representante_legal, sitio_web, contacto_administrativo_tel_fijo, contacto_negociacion_tel_fijo, terminos_condiciones, usuario_cambio_estado_id, id_usuario_finaliza, clase_prestador, clasificacion_id, municipio_id, tipo_identificacion_id, tipo_identificacion_representante_id, tipo_prestador_id, user_id) VALUES (4, '3154820550', '3122573719', 'CONTRATACION@HOSPITALSANPEDRO.ORG', 'GERENCIA@HOSPITALSANPEDRO.ORG', null, false, 3, true, false, 4, 'EN_NEGOCIACION', '2016-07-27 09:46:27.374000', '2016-07-08 08:25:31.957000', null, 12, 1, 3, 'FUNDACION HOSPITAL SAN PEDRO - PASTO ( NARIÑO )', 'ORLANDO RIVAS GOMEZ', 'ENMA GUERRA NIETO', '891200209', '79683801', '221', 'OSCAR ALBERTO MOSQUERA DAZA', 'www.hospitalsanpedro.org', '7336000 ext 216', '7336000 ext 308', null, 2022, 822, 1, 1, 1257, 5, 2, 2, 3459);
INSERT INTO contratacion.prestador (caracter_territorial, contacto_administrativo_celular, contacto_negociacion_celular, contacto_administrativo_correo, contacto_negociacion_correo, correo_electronico, creacion_procedimiento, digito_verificacion, empresa_social_estado, es_acreditado, estado, estado_portafolio, fecha_cambio_estado, fecha_inicio_vigencia, fecha_reabrir_portafolio, meses_vigencia, naturaleza_juridica, nivel_atencion, nombre, contacto_administrativo_nombre, contacto_negociacion_nombre, numero_documento, numero_documento_representante, prefijo, representante_legal, sitio_web, contacto_administrativo_tel_fijo, contacto_negociacion_tel_fijo, terminos_condiciones, usuario_cambio_estado_id, id_usuario_finaliza, clase_prestador, clasificacion_id, municipio_id, tipo_identificacion_id, tipo_identificacion_representante_id, tipo_prestador_id, user_id) VALUES (1, null, null, null, null, 'lalvarez@conexia.com', false, 5, true, false, 4, 'EN_NEGOCIACION', null, null, '2016-06-17 09:05:49.265000', null, 1, 3, 'FUNDACION VALLE DE LILI - CALI ( VALLE )', null, null, '890324177', '10250125', '268', 'ALVARO QUINTERO CASTAÑO', null, null, null, null, null, 979, 1, 1, 1264, 5, 2, 2, 10334);
INSERT INTO contratacion.prestador (caracter_territorial, contacto_administrativo_celular, contacto_negociacion_celular, contacto_administrativo_correo, contacto_negociacion_correo, correo_electronico, creacion_procedimiento, digito_verificacion, empresa_social_estado, es_acreditado, estado, estado_portafolio, fecha_cambio_estado, fecha_inicio_vigencia, fecha_reabrir_portafolio, meses_vigencia, naturaleza_juridica, nivel_atencion, nombre, contacto_administrativo_nombre, contacto_negociacion_nombre, numero_documento, numero_documento_representante, prefijo, representante_legal, sitio_web, contacto_administrativo_tel_fijo, contacto_negociacion_tel_fijo, terminos_condiciones, usuario_cambio_estado_id, id_usuario_finaliza, clase_prestador, clasificacion_id, municipio_id, tipo_identificacion_id, tipo_identificacion_representante_id, tipo_prestador_id, user_id) VALUES (4, null, null, null, null, 'jrodriguez@conexia.com', false, 4, true, false, 4, null, null, null, null, null, 1, 3, 'FUNDACION HOSPITALARIA SAN VICENTE DE PAUL - MEDELLIN ( ANTIOQUIA )', null, null, '890900518', '70073369', '237', 'REPRESENTANTE LEGAL NO IDENTIFICADO', null, null, null, null, null, null, 1, 1, 1241, 5, 2, 2, null);
INSERT INTO contratacion.prestador (caracter_territorial, contacto_administrativo_celular, contacto_negociacion_celular, contacto_administrativo_correo, contacto_negociacion_correo, correo_electronico, creacion_procedimiento, digito_verificacion, empresa_social_estado, es_acreditado, estado, estado_portafolio, fecha_cambio_estado, fecha_inicio_vigencia, fecha_reabrir_portafolio, meses_vigencia, naturaleza_juridica, nivel_atencion, nombre, contacto_administrativo_nombre, contacto_negociacion_nombre, numero_documento, numero_documento_representante, prefijo, representante_legal, sitio_web, contacto_administrativo_tel_fijo, contacto_negociacion_tel_fijo, terminos_condiciones, usuario_cambio_estado_id, id_usuario_finaliza, clase_prestador, clasificacion_id, municipio_id, tipo_identificacion_id, tipo_identificacion_representante_id, tipo_prestador_id, user_id) VALUES (2, '3008569506', '3008569506', 'ESECENTRO1@HOTMAIL.COM', 'CASTROTORRES2007@HOTMAIL.COM', 'lalvarez@conexia.com', false, 5, true, false, 4, 'EN_NEGOCIACION', '2017-04-24 10:53:20.056000', '2016-10-13 08:32:38.200000', null, 12, 2, 2, 'ESE CENTRO I - PIENDAMO ( CAUCA )', 'WILLIAM ANDRES CUJAR FERNANDEZ', 'WILLIAM ANDRES CUJAR FERNAND', '900145581', '10549676', '398', 'ELMER MUÑOZ ROSERO', null, '8470689', '8470689', null, 3823, 704, 1, 1, 1591, 5, 2, 2, 4801);
INSERT INTO contratacion.prestador (caracter_territorial, contacto_administrativo_celular, contacto_negociacion_celular, contacto_administrativo_correo, contacto_negociacion_correo, correo_electronico, creacion_procedimiento, digito_verificacion, empresa_social_estado, es_acreditado, estado, estado_portafolio, fecha_cambio_estado, fecha_inicio_vigencia, fecha_reabrir_portafolio, meses_vigencia, naturaleza_juridica, nivel_atencion, nombre, contacto_administrativo_nombre, contacto_negociacion_nombre, numero_documento, numero_documento_representante, prefijo, representante_legal, sitio_web, contacto_administrativo_tel_fijo, contacto_negociacion_tel_fijo, terminos_condiciones, usuario_cambio_estado_id, id_usuario_finaliza, clase_prestador, clasificacion_id, municipio_id, tipo_identificacion_id, tipo_identificacion_representante_id, tipo_prestador_id, user_id) VALUES (4, '3045527629', '3152283644', 'COMERCIAL@CLINIZAD.COM', 'AUX-COMERCIAL@CLINIZAD.COM', null, false, 2, true, false, 4, 'EN_NEGOCIACION', '2017-04-05 08:23:14.525000', '2017-03-31 16:47:31.349000', null, 12, 1, 3, 'CLINIZAD SAS - LABORATORIO DE ESPECIALIDADES - PASTO ( NARIÑO )', 'FERNANDO ZAMUDIO DAVID', 'EMILSE MADRONERO VILLOTA', '900360269', '27197590', '491', 'GRACIELA DEL SOCORRO ZAMUDIO DAVID', null, '(2) 7208535', '(2) 7208535', null, 2022, 838, 1, 1, 1257, 5, 2, 2, null);